{"boundary":{"boundary_id":"boundary:polymath:v1","boundary_manifest":"polymath_ai/boundary/text.py","boundary_text_sha256":"sha256:138edb3ee3ddcdce0ca6bbf5b8047b37deac36afebcd3c7042e8b9271059dbab"},"falsifier":{"blocking":true,"detail":"languages above 2.5x English fertility: {'zu': 2.681819019762069, 'el': 4.379544061434046}","falsifier_id":"tokenizer_fertility_high","result":"fail"},"languages_above_threshold":{"el":4.379544061434046,"zu":2.681819019762069},"per_language":{"af":{"char_count":12249,"ratio_vs_english":1.5521273267196356,"token_count":4841,"tokens_per_char":0.39521593599477506,"tokens_per_word":1.9791496320523303,"word_count":2446},"ar":{"char_count":10023,"ratio_vs_english":1.7534235323935923,"token_count":4693,"tokens_per_char":0.4682230869001297,"tokens_per_word":2.2358265840876608,"word_count":2099},"de":{"char_count":13457,"ratio_vs_english":1.4949035777015456,"token_count":4409,"tokens_per_char":0.3276361744816824,"tokens_per_word":1.906182447038478,"word_count":2313},"el":{"char_count":13779,"ratio_vs_english":4.379544061434046,"token_count":13788,"tokens_per_char":1.000653167864141,"tokens_per_word":5.584447144592953,"word_count":2469},"en":{"char_count":11175,"ratio_vs_english":1.0,"token_count":2906,"tokens_per_char":0.2600447427293065,"tokens_per_word":1.2751206669591926,"word_count":2279},"es":{"char_count":13639,"ratio_vs_english":1.2692184632239416,"token_count":4449,"tokens_per_char":0.32619693525918325,"tokens_per_word":1.6184066933430339,"word_count":2749},"fr":{"char_count":13423,"ratio_vs_english":1.272111058918943,"token_count":4537,"tokens_per_char":0.33800193697385084,"tokens_per_word":1.6220951018948875,"word_count":2797},"hi":{"char_count":10946,"ratio_vs_english":1.9842128207847225,"token_count":12562,"tokens_per_char":1.1476338388452403,"tokens_per_word":2.530110775427996,"word_count":4965},"it":{"char_count":13715,"ratio_vs_english":1.3921886275395812,"token_count":4683,"tokens_per_char":0.34145096609551584,"tokens_per_word":1.7752084912812738,"word_count":2638},"ja":{"char_count":6127,"ratio_vs_english":0.5964333567493446,"token_count":4408,"tokens_per_char":0.7194385506773299,"tokens_per_word":0.7605244996549344,"word_count":5796},"ko":{"char_count":5418,"ratio_vs_english":0.8266354307900255,"token_count":4855,"tokens_per_char":0.8960871170173496,"tokens_per_word":1.0540599218410769,"word_count":4606},"pt":{"char_count":12320,"ratio_vs_english":1.3223425400317426,"token_count":4126,"tokens_per_char":0.3349025974025974,"tokens_per_word":1.6861463015937883,"word_count":2447},"ru":{"char_count":12986,"ratio_vs_english":1.9263894394595384,"token_count":5237,"tokens_per_char":0.4032804558755583,"tokens_per_word":2.456378986866792,"word_count":2132},"sw":{"char_count":12360,"ratio_vs_english":1.9165601546881657,"token_count":5440,"tokens_per_char":0.4401294498381877,"tokens_per_word":2.443845462713387,"word_count":2226},"zh":{"char_count":4790,"ratio_vs_english":0.7018058166168282,"token_count":3448,"tokens_per_char":0.7198329853862213,"tokens_per_word":0.8948871009602907,"word_count":3853},"zu":{"char_count":13701,"ratio_vs_english":2.681819019762069,"token_count":6128,"tokens_per_char":0.44726662287424274,"tokens_per_word":3.419642857142857,"word_count":1792}},"schema_version":"1.0.0","threshold":2.5,"tokenizer":"Qwen/Qwen2.5-1.5B"}