{"boundary":{"boundary_id":"boundary:polymath:v1","boundary_manifest":"polymath_ai/boundary/text.py","boundary_text_sha256":"sha256:138edb3ee3ddcdce0ca6bbf5b8047b37deac36afebcd3c7042e8b9271059dbab"},"falsifier":{"blocking":false,"detail":"11 languages all at or below 2.5x","falsifier_id":"tokenizer_fertility_high","result":"pass"},"languages_above_threshold":{},"per_language":{"ar":{"char_count":690,"ratio_vs_english":1.703606472714753,"token_count":290,"tokens_per_char":0.42028985507246375,"tokens_per_word":1.9594594594594594,"word_count":148},"de":{"char_count":1070,"ratio_vs_english":1.671231422505308,"token_count":346,"tokens_per_char":0.3233644859813084,"tokens_per_word":1.9222222222222223,"word_count":180},"en":{"char_count":1399,"ratio_vs_english":1.0,"token_count":314,"tokens_per_char":0.22444603288062903,"tokens_per_word":1.15018315018315,"word_count":273},"es":{"char_count":1105,"ratio_vs_english":1.314065090306256,"token_count":331,"tokens_per_char":0.2995475113122172,"tokens_per_word":1.5114155251141552,"word_count":219},"fr":{"char_count":1121,"ratio_vs_english":1.2881710646041857,"token_count":363,"tokens_per_char":0.3238180196253345,"tokens_per_word":1.4816326530612245,"word_count":245},"hi":{"char_count":621,"ratio_vs_english":2.2148170533265144,"token_count":698,"tokens_per_char":1.1239935587761676,"tokens_per_word":2.5474452554744524,"word_count":274},"ja":{"char_count":450,"ratio_vs_english":0.5815498938428875,"token_count":301,"tokens_per_char":0.6688888888888889,"tokens_per_word":0.6688888888888889,"word_count":450},"ko":{"char_count":369,"ratio_vs_english":0.775300778485492,"token_count":313,"tokens_per_char":0.8482384823848238,"tokens_per_word":0.8917378917378918,"word_count":351},"ru":{"char_count":900,"ratio_vs_english":1.9209631606128426,"token_count":327,"tokens_per_char":0.36333333333333334,"tokens_per_word":2.2094594594594597,"word_count":148},"sw":{"char_count":721,"ratio_vs_english":2.0953810200247447,"token_count":335,"tokens_per_char":0.4646324549237171,"tokens_per_word":2.4100719424460433,"word_count":139},"zh":{"char_count":294,"ratio_vs_english":0.5929306115099818,"token_count":193,"tokens_per_char":0.6564625850340136,"tokens_per_word":0.6819787985865724,"word_count":283}},"schema_version":"1.0.0","threshold":2.5,"tokenizer":"Qwen/Qwen2.5-1.5B"}