{"boundary":{"boundary_id":"boundary:polymath:v1","boundary_manifest":"polymath_ai/boundary/text.py","boundary_text_sha256":"sha256:138edb3ee3ddcdce0ca6bbf5b8047b37deac36afebcd3c7042e8b9271059dbab"},"falsifier":{"blocking":true,"detail":"languages above 2.5x English fertility: {'zu': 2.7124047150065764}","falsifier_id":"tokenizer_fertility_high","result":"fail"},"languages_above_threshold":{"zu":2.7124047150065764},"per_language":{"af":{"char_count":12249,"ratio_vs_english":1.5651928685093777,"token_count":4744,"tokens_per_char":0.38729692219773043,"tokens_per_word":1.9394930498773508,"word_count":2446},"ar":{"char_count":10023,"ratio_vs_english":1.7912652659367,"token_count":4659,"tokens_per_char":0.4648308889554026,"tokens_per_word":2.219628394473559,"word_count":2099},"de":{"char_count":13457,"ratio_vs_english":1.5170277860448824,"token_count":4348,"tokens_per_char":0.3231032176562384,"tokens_per_word":1.8798097708603545,"word_count":2313},"el":{"char_count":13779,"ratio_vs_english":2.061163813726469,"token_count":6306,"tokens_per_char":0.4576529501415197,"tokens_per_word":2.554070473876063,"word_count":2469},"en":{"char_count":11175,"ratio_vs_english":1.0,"token_count":2824,"tokens_per_char":0.2527069351230425,"tokens_per_word":1.2391399736726634,"word_count":2279},"es":{"char_count":13639,"ratio_vs_english":1.2913942695618392,"token_count":4399,"tokens_per_char":0.3225309773443801,"tokens_per_word":1.6002182611858857,"word_count":2749},"fr":{"char_count":13423,"ratio_vs_english":1.2931801171023993,"token_count":4482,"tokens_per_char":0.3339044922893541,"tokens_per_word":1.602431176260279,"word_count":2797},"hi":{"char_count":10946,"ratio_vs_english":1.156797511760796,"token_count":7117,"tokens_per_char":0.65019185090444,"tokens_per_word":1.4334340382678752,"word_count":4965},"it":{"char_count":13715,"ratio_vs_english":1.4090576924316,"token_count":4606,"tokens_per_char":0.33583667517316806,"tokens_per_word":1.7460197119029568,"word_count":2638},"ja":{"char_count":6127,"ratio_vs_english":0.6190428536237749,"token_count":4446,"tokens_per_char":0.7256406071486862,"tokens_per_word":0.7670807453416149,"word_count":5796},"ko":{"char_count":5418,"ratio_vs_english":0.7497180823387157,"token_count":4279,"tokens_per_char":0.7897748246585455,"tokens_per_word":0.9290056448111159,"word_count":4606},"pt":{"char_count":12320,"ratio_vs_english":1.3508452854915136,"token_count":4096,"tokens_per_char":0.33246753246753247,"tokens_per_word":1.6738863914997957,"word_count":2447},"ru":{"char_count":12986,"ratio_vs_english":1.8010130933462312,"token_count":4758,"tokens_per_char":0.3663945787771446,"tokens_per_word":2.231707317073171,"word_count":2132},"sw":{"char_count":12360,"ratio_vs_english":1.927618710373668,"token_count":5317,"tokens_per_char":0.4301779935275081,"tokens_per_word":2.38858939802336,"word_count":2226},"zh":{"char_count":4790,"ratio_vs_english":0.840942251687181,"token_count":4015,"tokens_per_char":0.8382045929018789,"tokens_per_word":1.0420451596158837,"word_count":3853},"zu":{"char_count":13701,"ratio_vs_english":2.7124047150065764,"token_count":6023,"tokens_per_char":0.43960294868987665,"tokens_per_word":3.361049107142857,"word_count":1792}},"schema_version":"1.0.0","threshold":2.5,"tokenizer":"HuggingFaceTB/SmolLM3-3B"}