{
  "comparison": "FP64 cosine per non-pad token against RunPod PyTorch reference",
  "status": "pass",
  "threshold_p50": 0.99,
  "tokens_compared": 111,
  "failed_tokens_below_threshold": 0,
  "percentiles": {
    "min": 0.9999801999737985,
    "p10": 0.999983707486152,
    "p50": 0.9999890020383452,
    "p90": 0.9999917046730411,
    "max": 0.9999933292849964
  }
}
