{"boundary":{"boundary_id":"boundary:polymath:v1","boundary_manifest":"polymath_ai/boundary/text.py","boundary_text_sha256":"sha256:138edb3ee3ddcdce0ca6bbf5b8047b37deac36afebcd3c7042e8b9271059dbab"},"falsifier":{"blocking":false,"detail":"11 languages all at or below 2.5x","falsifier_id":"tokenizer_fertility_high","result":"pass"},"languages_above_threshold":{},"per_language":{"ar":{"char_count":690,"ratio_vs_english":1.7682260285763471,"token_count":301,"tokens_per_char":0.43623188405797103,"tokens_per_word":2.0337837837837838,"word_count":148},"de":{"char_count":1070,"ratio_vs_english":1.6808917197452231,"token_count":348,"tokens_per_char":0.3252336448598131,"tokens_per_word":1.9333333333333333,"word_count":180},"en":{"char_count":1399,"ratio_vs_english":1.0,"token_count":314,"tokens_per_char":0.22444603288062903,"tokens_per_word":1.15018315018315,"word_count":273},"es":{"char_count":1105,"ratio_vs_english":1.3299450309746097,"token_count":335,"tokens_per_char":0.3031674208144796,"tokens_per_word":1.5296803652968036,"word_count":219},"fr":{"char_count":1121,"ratio_vs_english":1.302365787079163,"token_count":367,"tokens_per_char":0.32738626226583406,"tokens_per_word":1.4979591836734694,"word_count":245},"hi":{"char_count":621,"ratio_vs_english":1.2216397786972897,"token_count":385,"tokens_per_char":0.6199677938808373,"tokens_per_word":1.405109489051095,"word_count":274},"ja":{"char_count":450,"ratio_vs_english":0.6414437367303609,"token_count":332,"tokens_per_char":0.7377777777777778,"tokens_per_word":0.7377777777777778,"word_count":450},"ko":{"char_count":369,"ratio_vs_english":0.743099787685775,"token_count":300,"tokens_per_char":0.8130081300813008,"tokens_per_word":0.8547008547008547,"word_count":351},"ru":{"char_count":900,"ratio_vs_english":1.7799750387330007,"token_count":303,"tokens_per_char":0.33666666666666667,"tokens_per_word":2.0472972972972974,"word_count":148},"sw":{"char_count":721,"ratio_vs_english":2.089126151308253,"token_count":334,"tokens_per_char":0.463245492371706,"tokens_per_word":2.402877697841727,"word_count":139},"zh":{"char_count":294,"ratio_vs_english":0.8141275235758818,"token_count":265,"tokens_per_char":0.9013605442176871,"tokens_per_word":0.9363957597173145,"word_count":283}},"schema_version":"1.0.0","threshold":2.5,"tokenizer":"HuggingFaceTB/SmolLM3-3B"}